,average_social_utility,average_non_soc_utility,average_social,count_make_friend,bias
0,2.3930108172899907,2.6750014972576106,0.23218753087168958,85,-0.019943548397876702
1,3.2594560201026583,3.829376004271729,0.18918753087168957,107,-0.05323853985761551
2,3.0990080010654455,4.189968564799901,0.16868753087168958,94,-0.03846900335726643
3,4.383205275862283,5.5265512737157625,0.16868753087168958,87,0.6873784595810476
4,5.341456850240063,4.686078065631233,0.1466875308716896,97,0.500117253495141
5,6.531473235022116,6.522650572732076,0.1311875308716896,89,0.18714613401797295
6,5.647728860137785,8.009133345782901,0.1351875308716896,82,0.2878914732356464
7,6.588523569951925,8.550015429740046,0.0976875308716896,96,0.16380204898290357
8,5.820809529913482,10.329324826936972,0.08168753087168962,89,-0.4257102854124309
9,4.324514672082475,13.517738618607751,0.05468753087168962,98,-0.016759723812055576
10,5.576894340955397,11.712823611687819,0.06068753087168963,86,0.4548527654692223
11,6.589409239807461,11.288150065449774,0.038187530871689634,89,0.23629576554865545
12,5.382650808919421,11.972751721870269,0.04418753087168964,82,0.2743000289860534
13,6.425266155730583,14.185730736420334,0.05418753087168964,74,0.13558030198937032
14,6.777724635661233,14.139572718318178,0.01968753087168965,97,-0.060405588076787045
15,5.910056175559482,14.792480539095726,0.030687530871689656,72,-0.19831070828695302
16,4.82656566563131,15.892872930105549,0.04318753087168966,74,-0.003303840532373141
17,5.924835585130403,15.819616014544346,0.04618753087168967,78,2.4724220210283887
18,9.979775868335013,11.680571740111704,0.03518753087168967,86,1.2022585647741113
19,12.26936171142959,14.229889641759707,0.02818753087168968,80,2.0526507023888203
20,13.31507804987623,7.924079541672978,0.057187530871689686,69,1.356270258999242
21,10.412528910178748,12.372882602907879,0.035187530871689694,95,0.5837106311720658
22,8.850763399775802,16.682017367925074,0.022187530871689704,84,-0.22766002595853896
23,5.704151841256306,18.66529717383646,0.04318753087168971,75,0.34173709558861404
24,9.367169625248883,18.334230179010692,0.03868753087168971,92,0.030685465821751585
25,7.823156636047566,18.674533848834965,0.008187530871689717,97,0.2535635731182128
26,7.238507779232522,18.084642575730733,-0.013312469128310278,84,1.0354984387760255
27,7.50405601821304,15.10445769905368,0.022187530871689728,70,0.5589627988701147
28,8.564390586047487,17.14939987910522,0.03168753087168973,81,0.6864064376229422
29,9.409212094598542,17.649493123888206,0.019687530871689743,89,-0.0080273429789681
30,7.636913818002807,18.997904606196048,-0.006812469128310253,93,0.18333539364743712
31,7.4215917113719625,19.001016986278465,-0.024312469128310248,90,0.2932334597519667
32,6.726156885956386,19.276823339471136,-0.014312469128310242,76,0.9253713542577665
33,9.093678614965219,16.330357721703532,-0.009812469128310236,80,3.4350691557143977
34,10.328132770165363,6.1468968116478635,0.0031875308716897703,77,2.430895242605758
35,15.253198070139097,11.952879676300569,0.00018753087168977666,86,0.842186049694907
36,8.835203606067028,16.563851883956268,-0.021312469128310217,85,0.5425582145626084
37,3.342122420449155,16.719021983944483,-0.02881246912831021,79,0.34479109323629453
38,6.611319173819865,15.433428447430057,0.004187530871689796,68,0.9016140398958331
39,7.473003328270543,17.593317803591134,-0.0018124691283101988,85,0.5297901808265006
40,6.858936165662323,18.674262468881796,-0.017812469128310193,83,0.7654016880233782
41,6.45692803466628,18.450747845601796,0.004687530871689812,74,0.2274050982706118
42,5.82655639258803,18.87767437220008,0.024187530871689816,77,0.5855920305141032
43,8.070577587141742,19.24019501089702,0.009687530871689823,86,0.1956008330910478
44,6.468879560855284,19.08024590971016,-0.02031246912831017,87,-0.040139582183890916
45,5.017422865246572,20.096981120231693,-0.014312469128310166,71,-0.2642119419521583
46,3.6506085340945944,21.306825821787548,-0.008312469128310159,77,-0.30299303970281916
47,3.5654632516615683,20.305310883774553,0.02618753087168985,63,0.43295955422409044
48,6.528393675886662,19.31193072761821,0.007687530871689854,87,0.2896189499447575
49,7.212145867737025,20.715953144364327,-0.01481246912831014,82,-0.045576737381348265
50,2.8702415117754523,19.78223892240966,0.018687530871689867,63,0.046529228548736964
51,4.684081588403765,20.27206744783462,0.015687530871689875,81,0.09084295285308847
52,5.1312743506311564,20.338603140209834,0.02818753087168988,71,-0.02153604616495679
53,5.103393967822411,19.13584744032577,0.04418753087168989,81,0.20656237257916857
54,8.712990451153209,20.744079538695136,0.020687530871689893,89,-0.13216637719037697
55,4.662786437495035,20.22424641006374,0.0191875308716899,78,-0.17054212664893798
56,5.065730622598305,21.23354657555727,0.011687530871689902,86,0.3976704798207374
57,8.775437014637024,21.776469876045912,-0.013812469128310093,89,0.5328346930955805
58,6.660307887468986,20.41007993588681,-0.014312469128310088,75,0.2318749834183127
59,4.548138086220068,19.303665383645484,0.01918753087168992,65,-0.07852331162899438
60,6.23519943637629,20.692325228580412,0.0021875308716899243,81,-0.5376549872791131
61,3.9764651063325553,22.192268737020658,0.02368753087168993,67,0.08755585418254022
62,5.566843231051291,20.329793941592218,0.031187530871689937,85,0.5510183819198463
63,8.421078385694328,19.925365563139618,0.021187530871689942,88,-0.042988984720149004
64,5.107983867184249,20.94549759632032,0.03268753087168995,77,0.31702015528636934
65,6.858880044507178,20.23750626346979,0.007687530871689957,95,-0.44208408744717415
66,3.902785203576434,21.159337242456363,0.009187530871689964,73,0.643723094238679
67,5.474189274534934,19.40234915294145,0.025187530871689973,67,-0.8327516808487792
68,-0.5158161015052668,18.687808941387086,0.03568753087168998,77,-0.3446255189519998
69,2.8782754190834035,20.54304634119415,0.035687530871689986,79,0.22733090664885344
70,9.709103034436346,20.947788215295216,-0.01481246912831001,95,-0.3581995760691099
71,8.086729965537224,22.879439384864565,-0.02831246912831,83,-0.3351660636369346
72,5.394233760451028,23.450052474445428,-0.028812469128309995,78,-0.8486619070398211
73,0.9856237328244062,23.822758299751982,-0.016312469128309987,71,1.1978619035124098
74,5.021099621452942,18.211495385437495,-0.019312469128309983,80,1.8674822787064906
75,8.860982329971241,19.85173892956695,-0.037312469128309975,84,0.9312785276470825
76,4.972578578656168,19.527785895218482,-0.02731246912830997,76,-0.0359813756423909
77,4.390220830924095,23.171397690871306,-0.03881246912830996,85,0.2338437655525998
78,5.321104060647821,21.724945468132738,-0.025812469128309957,69,0.7350559771801879
79,6.140680509100781,20.552324059014335,0.0001875308716900459,75,0.16530681310416265
80,5.9000680296817825,21.395735041833206,0.00618753087169005,76,0.02538209949695723
81,7.694967256159701,23.58129556069172,-0.027812469128309945,102,-0.23441031149857713
82,7.04150903673118,25.01380181709676,-0.03931246912830994,85,0.029719946982037494
83,4.8109814537945965,23.647474169712453,-0.047812469128309935,81,-0.705261262970028
84,3.031090513551204,23.60952735883093,-0.03331246912830993,69,0.5782037587974894
85,4.47413624053465,19.090808844864405,-0.02281246912830992,73,0.5904926873239937
86,7.114297593841116,21.38502503307884,-0.03731246912830992,86,1.2994188411149439
87,8.956158284360942,20.90932298723937,-0.03481246912830991,74,0.26102323834843716
88,5.7238660336383935,20.69311749792674,-0.007812469128309908,67,-0.6314063248991709
89,0.011718826889895059,21.24967764502116,0.023187530871690096,68,-0.4120717548068693
90,3.308062895885786,22.411290806564434,0.036687530871690105,70,-0.17096155676707517
91,2.777887207055611,22.271992727212353,0.04168753087169011,79,-0.4084022653072646
92,5.383644293985909,23.241130734040578,0.03068753087169011,81,0.5240388709656705
93,8.62966557532253,20.908067808787337,0.03418753087169012,80,0.5252296554857209
94,8.380344798098744,20.238612192099378,0.03468753087169012,83,-0.7267156347667122
95,2.3537411637803856,22.38593240647214,0.016687530871690122,95,-0.391755797235856
96,7.467932501293719,22.3174581546997,-0.005312469128309872,84,-0.4506643068555414
97,4.421457952570144,22.40573255279292,-0.00031246912830986626,76,0.24536805664981384
98,5.624743481070019,19.227534182628208,0.02118753087169014,72,0.1767711607395162
99,4.984610335726453,21.391324645294205,0.015687530871690145,82,0.3853945067327415
100,9.090485569812884,22.221782374030067,0.010187530871690149,87,0.03163776510319618
101,4.81076276050266,22.24001516606428,0.022687530871690155,73,0.3444268770541522
102,6.655266762796176,19.965828622304382,0.006687530871690158,86,0.5483827036972359
103,6.850164632651944,19.577475133520604,0.004687530871690166,83,0.1517878286925031
104,5.946769079417795,21.14394903582807,0.015687530871690173,80,-0.3127830853865069
105,5.7190057802883505,22.65506880366548,0.00268753087169018,82,0.1954552621191742
106,3.9519546786946225,19.951262174191058,0.032187530871690184,66,0.2196907487630472
107,4.402269538909775,19.414216027140906,0.03768753087169019,78,0.24602958590166057
108,5.155717597027888,20.01406702863608,0.0206875308716902,83,0.013117958024893312
109,6.1292181960083125,21.8056765021868,0.023187530871690204,74,0.3143985038968709
110,4.006314182085627,19.721073646378176,0.07418753087169021,60,0.5964438051662763
111,6.525148543609889,17.693332669868553,0.08418753087169022,74,0.2875272250344463
112,6.5430187383207725,19.32857298978767,0.06568753087169021,88,0.623769216811699
113,8.532621456750416,19.933072743541775,0.06368753087169023,80,0.5547439046724097
114,8.354934662341801,19.718189874986713,0.04418753087169023,88,0.4351693163078422
115,8.321181701572575,21.081486027532886,0.05368753087169024,77,0.6524480660514085
116,6.578100528230556,18.208170715630313,0.052687530871690244,80,0.9536662922656891
117,6.67748510535432,16.995682743320994,0.05618753087169025,76,0.8273806343985988
118,5.931005230215385,17.13608698864708,0.05968753087169025,81,0.3670631059244419
119,5.183336507433253,17.794675381123916,0.06068753087169026,82,0.19340538576547656
120,6.993804898548646,20.417672527784177,0.060187530871690265,76,-0.12494959120946574
121,5.735705559453239,20.822498561537866,0.07718753087169028,75,0.9409207323665689
122,7.775710371786908,18.44160704749492,0.07618753087169028,81,0.9139138983329266
123,10.209610504510293,18.77883128424566,0.08368753087169029,80,0.08717090302198666
124,8.060675280118868,19.95777097401976,0.04618753087169029,98,-0.5060486353987484
125,3.7630027301881714,20.850999035206435,0.023187530871690298,86,-1.3158334078095144
126,0.7190730631186696,27.098634915627866,0.035687530871690305,78,-0.7765164584557481
127,4.036553174124825,21.520026964024506,0.019187530871690308,90,-0.3267411246757153
128,4.717291166307437,20.17828724884835,0.017187530871690317,79,-0.41015557799284463
129,3.997679915744639,22.788826387965475,0.008187530871690323,88,0.529222131890489
130,6.911227942569205,21.641473097778572,0.02018753087169033,74,0.021420480850754268
131,3.6523248679240146,21.109196069509917,0.036187530871690334,73,0.3593610425382118
132,4.578248146509478,20.645622444185516,0.022687530871690342,87,-0.49370509096313
133,3.987246439585137,23.431133021186834,0.030687530871690346,78,0.08414531195412832
134,4.079250901208102,22.003000512471658,0.04218753087169035,76,0.26249464394527067
135,4.736082477338436,19.901587581801145,0.053687530871690356,74,0.40165462660419604
136,4.695258382605862,19.30158544599697,0.09518753087169037,63,0.5471625550968283
137,7.690513351796675,18.711125351204892,0.09068753087169036,82,1.0865577001864648
138,11.562204399347195,19.90731388462709,0.09718753087169037,88,0.5018754235076918
139,8.95252941134677,18.737302775655376,0.05168753087169038,100,0.1328637449345714
140,6.719648909159991,21.15220890371958,0.06018753087169039,75,-0.42463034164497754
141,4.655141937167097,21.435635064120937,0.057187530871690394,79,0.5573265989614851
142,6.741858093231489,19.124841331557484,0.0501875308716904,85,0.6671367790059338
143,6.579607481631305,18.531031293949386,0.06868753087169041,72,-0.09602858450719459
144,4.145990130532949,20.866161279820663,0.033687530871690415,92,-0.2250925260668853
145,3.5634399068255393,23.284782412786324,0.035187530871690416,73,0.463681955972119
146,6.3481016295938115,20.598228218477043,0.03268753087169042,80,2.006740505362368
147,9.090465136221063,18.28938600758329,0.06618753087169044,67,4.869014517138307
148,15.013132710793927,7.1331776968608445,0.040687530871690435,88,0.8275914045071965
149,7.972982603283979,23.963450439289566,0.046187530871690446,78,0.13296795971812095
150,5.436280134312059,25.91944482237572,0.046687530871690454,80,0.8158256526436665
151,6.086569722958454,23.469986251035852,0.05218753087169045,84,0.3143238304484029
152,6.1358800117577115,19.679795783126142,0.051187530871690465,79,-0.6801891269211362
153,2.319088706380494,22.245423854676915,0.052687530871690466,78,-0.16220670661241524
154,6.902585258842778,22.317759436772842,0.03368753087169047,91,-0.09375503853662588
155,6.926848666069335,21.1127862817526,0.005687530871690477,91,-0.4311558097162815
156,2.187038659649922,22.360318454386963,0.010687530871690484,83,-0.8145992743364243
157,3.084077582238055,21.70817240358637,0.00918753087169049,82,-2.007877440435077
158,3.161946915486253,19.39172292312313,0.02668753087169049,74,-1.3047611334939557
159,3.296888218337488,20.810861011347882,0.032187530871690496,80,0.20865301892707733
160,8.97488770257483,21.146269794747198,0.019687530871690503,93,0.45704595274800935
161,6.185208139403205,19.71837073509586,0.00368753087169051,86,0.47775474858838607
162,6.095148656685556,20.89634893612607,-0.013312469128309485,84,-2.6243995958268473
163,-5.54333007995564,29.719010029548485,-0.02831246912830948,81,-1.7253456093705686
164,-3.650660347481554,26.559883168577628,-0.038812469128309476,75,-2.343462963404479
165,-4.375286816354862,25.198316666150873,-0.0078124691283094705,65,-2.6430200455334556
166,0.027008380740791354,32.39977089935634,-0.0008124691283094659,78,-0.8316484146920062
167,-1.239024573809048,23.657705689911086,0.01518753087169054,71,0.7420224959832477
168,5.030824704190995,18.563049776134335,0.019687530871690548,76,0.8270509288006881
169,5.805687188524919,17.588440817783244,0.03618753087169055,71,0.46405789551778137
170,3.812525752148751,17.064557372685265,0.014687530871690554,89,1.9456558903222878
171,3.2506289509366506,19.7544403062747,0.051187530871690555,62,-1.9580418219546634
172,-3.815783825694287,18.026040663042195,0.045187530871690564,91,0.9315697950867772
173,3.9567563366372545,19.5726755826589,0.03318753087169057,89,1.4413874310308061
174,12.552287613642939,19.55956062706763,0.0056875308716905736,95,-0.4694849382373266
175,4.1211938625925,23.012705714200226,0.006687530871690578,76,-0.886267194903714
176,-1.114352173759391,24.36312045616857,0.04168753087169058,63,0.6826891129123176
177,6.769765589067247,16.621024579315726,0.038187530871690585,89,5.084078819943503
178,29.57537297882225,8.94690322666161,0.01318753087169059,100,1.1566351425025447
179,8.311544396513684,22.1022952479567,0.010687530871690597,79,2.888796322579961
180,12.085626978158688,7.205558279033863,-0.005312469128309397,86,3.1150578519152687
181,10.145729026025217,14.959480942220328,0.019187530871690606,70,1.8256981064519489
182,11.18332953367856,18.527183005425666,-0.004812469128309388,89,0.826035882274654
183,4.291417216261055,19.71296684244725,-0.019312469128309383,89,-0.175481862114125
184,2.257841160653666,25.5703419588776,-0.03681246912830938,91,-0.5808033356351499
185,3.6751021029523043,25.215874510551746,-0.032812469128309374,80,-0.42011067864383944
186,3.007795854155257,21.877691638882908,-0.03081246912830937,76,0.3539265398528609
187,5.314585081780013,21.56297908045736,-0.027312469128309362,81,-0.6256452040138755
188,0.969210542473047,24.236459009587932,-0.02781246912830936,80,0.26651434004157065
189,1.2926728547145834,20.52770875950327,-0.017312469128309353,74,0.5461164643175348
190,6.304506989833905,21.047642572620248,-0.03431246912830935,90,1.275137651913886
191,8.934615111934539,18.48797176709002,-0.07481246912830934,98,0.7861570005195344
192,5.856705070958254,19.319374189286293,-0.06281246912830933,71,0.5692866072664731
193,2.432325348623272,21.206602547541795,-0.03181246912830933,70,1.5374078987101907
194,6.933080972631143,17.75025255394363,-0.06931246912830934,98,0.4021282946282175
195,6.122363732759251,24.28875542477672,-0.09881246912830932,91,0.594807005302422
196,2.738793762652924,22.997623595720533,-0.10131246912830932,76,0.13248220119779525
197,-0.8595275812288246,22.054298345274617,-0.07131246912830932,63,0.46436797468743024
198,-1.0878682167479425,19.740123958714683,-0.03931246912830932,66,0.2959243672319747
199,2.1705376420172384,23.62259465809622,-0.06081246912830931,78,0.40449910305465514
200,4.623931534675091,22.884350832226374,-0.0548124691283093,81,1.0342099996066083
201,2.7497991451496238,21.59475885273924,-0.0318124691283093,77,2.2902286629885484
202,10.572137162952997,12.586199655609244,-0.027812469128309286,82,6.461791132517234
203,17.094602939411512,4.300919528566425,-0.04631246912830928,87,3.3096910698784416
204,15.058998357138934,17.3179275807089,-0.05031246912830927,78,1.2127699639299307
205,4.778296249600265,21.646522619082067,-0.035312469128309265,72,-0.2328474969116069
206,-0.6689828323824231,20.679831353250723,-0.03131246912830926,83,0.2049076683604309
207,2.3987838543162017,21.929045823506033,-0.03581246912830925,85,0.10032444862290432
208,3.3226585620145936,21.120259090883785,-0.024812469128309245,72,-0.008371535153336556
209,5.324566891978566,21.297304291060616,-0.042812469128309244,95,0.25952619378998293
210,6.165825631217703,23.30099999016305,-0.056312469128309235,91,1.9560679584594345
211,1.0229825326869055,14.378447274844754,-0.019312469128309227,61,1.6083259041110651
212,6.8060947619315035,16.196733570888338,-0.01231246912830922,85,1.2036320597301555
213,7.058492833251067,17.861205321861195,-0.016312469128309214,81,0.2533236399865726
214,4.419956940983972,22.574475750358914,-0.030312469128309212,85,-0.3528950171617999
215,1.2972350281518432,22.366905183120856,-0.022812469128309205,79,0.21597512447226463
216,3.674515970498937,21.428141345686075,-0.0338124691283092,84,1.2138900295554715
217,7.954368286201245,18.473317891681084,-0.032812469128309193,80,0.7541465912086769
218,3.9317871419684343,20.63885446086852,-0.008812469128309186,73,1.0794179878570977
219,6.440266746388347,18.50813831675366,-0.01731246912830918,91,-0.11542716612556136
220,5.158221814564538,23.060871992721033,-0.03881246912830918,91,0.3323617296656229
221,4.369627926723941,23.208294679964773,-0.04281246912830917,76,0.45248985559939886
222,2.488201878823773,19.429365489388235,-0.039312469128309165,75,-0.6148554987149877
223,1.8563651251972495,22.59469323806096,-0.06881246912830916,90,-0.5681702724499423
224,-0.1281004341532265,24.69380544459902,-0.05381246912830916,67,-0.020625177650747742
225,-1.1314223385558095,22.31600279596612,-0.02681246912830915,69,1.740246679456253
226,6.707111222350658,17.567649353203716,-0.03481246912830915,81,0.7230608437023713
227,2.698264890803987,20.82577362844286,-0.02481246912830914,76,0.28607903672727425
228,5.176900369765378,21.70096710390261,-0.07481246912830913,99,-1.1206000571446386
229,-0.08300666490697056,24.14567088142489,-0.06581246912830914,74,-1.0300247102108568
230,-2.530489637895289,23.894149600388612,-0.05081246912830913,70,-0.10513198541577248
231,1.5105430078967168,20.69411827617911,-0.04531246912830913,78,-0.41398184799280674
232,1.1115309709671206,21.978255447881452,-0.025812469128309125,67,0.19420140315662232
233,2.788676018060788,22.07719863512012,-0.02381246912830912,76,0.0772894564800298
234,0.4111144731048214,22.099537421860948,-0.006812469128309114,73,0.4112374331096174
235,2.910461408450833,19.633432034223727,-0.0023124691283091087,72,1.2632223888575622
236,5.44281605071088,17.278403368694285,0.019687530871690895,73,1.2679251402910667
237,6.262429926354288,17.562497990105445,-0.022312469128309104,94,1.9216172889595446
238,7.43290601199271,19.12495462348115,-0.0383124691283091,89,0.2137787383155645
239,4.166492238389628,23.442187283116144,-0.07381246912830909,94,-0.20104183187142052
240,0.827184270822508,22.872920478283312,-0.05081246912830909,64,-0.08876522480200882
241,-0.3654813883033732,20.536435900900372,-0.036812469128309086,74,0.09794907631633218
242,0.9440558264057096,21.29491568354187,-0.05431246912830908,84,-1.0609332661002182
243,-0.3828869019761599,23.931459448523757,-0.03731246912830908,74,1.0092426403501222
244,6.575443271689246,19.75113879819819,-0.05781246912830907,93,0.612787915477217
245,1.768325102308301,21.922640652811467,-0.06081246912830907,79,0.23380964861521253
246,2.568615391165935,22.088362830079422,-0.07031246912830907,81,0.3927327850264785
247,1.4746438701227662,20.01023716954789,-0.036312469128309065,66,0.6994140988453583
248,3.740034590959397,19.425249756034784,-0.03731246912830906,78,1.1628042480919605
249,4.900785916643809,18.366513302019666,-0.03531246912830906,79,0.5206973071935874
250,4.167707475179982,21.231722296562744,-0.01631246912830905,64,-0.4389186634647043
251,-0.5587918151408062,23.014989089309665,0.008187530871690954,71,-6.461926553653686
252,-2.986425451518848,42.26593768476336,-0.023812469128309043,91,-2.063825878548813
253,-1.2957239831751663,32.4466441124225,-0.04681246912830904,81,-2.6569827687193213
254,-2.9113293984143254,29.009660449841924,-0.04831246912830904,77,1.763365615589971
255,5.910126101414082,20.532697283069044,-0.019812469128309033,68,1.3242316358824326
256,5.895597917783616,18.021929913464575,-0.003812469128309027,75,0.8088551586624432
257,4.72061545484875,21.073851129457925,0.011187530871690976,80,0.03948298014515746
258,3.0408254141978777,21.098081063404162,-0.02031246912830902,94,1.5041400307968922
259,7.681926994551379,18.084491033336754,-0.04531246912830901,89,0.9172579673605419
260,6.529390068008114,22.07839862683465,-0.04131246912830901,83,0.2047381017684299
261,0.858127556176202,21.24007391680467,-0.024312469128309006,73,1.9617822511709708
262,12.017390257134348,17.392138881046282,-0.031312469128309,86,0.7795417976351878
263,4.682465723700211,19.061586997617344,-0.04781246912830899,87,-0.31902559368103833
264,0.8871352498939459,22.983393462287438,-0.014812469128308987,64,0.20030076334654182
265,1.7661702267181554,21.22174842022768,-0.01481246912830898,82,-0.4778734650284756
266,-1.469926402747863,21.99557156337113,0.009687530871691025,67,-0.9304935911583807
267,-0.2266584993023793,25.653593532082,-0.00131246912830897,85,2.5858693187090913
268,5.515563475044699,19.795027453906314,0.021687530871691035,66,0.6517849720269391
269,5.312975419440231,12.204352789921323,0.021187530871691042,85,0.6141684072203049
270,3.2866321946705823,16.321159787594034,0.03768753087169104,79,0.4357478884975611
271,5.054294790568736,20.83287321615348,-0.0038124691283089487,94,0.5514205123945968
272,5.410683269394676,19.753857084547338,0.004187530871691057,78,-1.2489227462794306
273,2.262802738030279,24.48524752344531,0.00018753087169106174,84,-0.23949235254583273
274,0.678788696015466,22.508768996916594,0.0006875308716910669,79,-0.40145987958347923
275,0.6060468664541636,24.155844473737805,-0.006312469128308929,84,-0.29038811106012735
276,-0.8065219371312292,22.966542707197405,0.008187530871691079,73,0.1924699776226475
277,3.0457064979286095,19.543203504532237,0.0026875308716910874,78,0.5525692725551031
278,3.29164669692859,20.413094623611467,0.006687530871691095,82,-0.14852475688383227
279,0.7446463402398086,22.654590515942623,0.025687530871691105,74,1.0275693080011477
280,6.257245579697451,19.84694307959628,0.02368753087169111,74,0.4214746657985681
281,5.5270952744739645,19.30614197587146,0.01768753087169112,82,0.9974319924822068
282,-0.13913838358436606,14.67578430978499,0.06268753087169113,57,0.9490230756618745
283,4.675360058897615,15.990271830694045,0.07818753087169113,76,0.9494433287483837
284,7.010303893825588,17.919428595360586,0.07468753087169114,85,0.8345360433325436
285,8.305625584815939,18.68713257112159,0.052687530871691146,91,0.5782237362301121
286,5.053466361865575,20.130172418665463,0.04468753087169115,78,0.4559534636670996
287,4.20248093445927,19.8138639308548,0.027687530871691162,87,0.2145031042386457
288,6.933070525406504,20.781976680468652,-0.0038124691283088342,92,0.22604145761526362
289,2.6889498874768094,20.443839448206678,0.02518753087169117,67,-2.296770578628117
290,-4.73208790835162,28.318051756619713,0.039687530871691176,76,-1.4811519039148138
291,-1.402192421196068,25.143578427539065,0.025687530871691178,86,-0.005914924440810558
292,8.44496286605936,21.846709986441706,0.012187530871691183,91,4.6560805059634784
293,10.606258199951078,15.15565827957007,0.03068753087169119,72,10.163489373553018
294,45.533247910299615,-9.104691627703762,0.009687530871691196,87,4.9391342687860345
295,22.38553920323127,10.034221071333024,-0.004312469128308798,84,-2.0735182951786815
296,-2.2085735196906313,27.027117685133625,-0.023312469128308793,85,-2.634735782193548
297,2.276700729397581,26.245811641054747,-0.034812469128308786,78,-2.289688653319685
298,-3.4122638425122642,28.436181750689478,-0.027812469128308783,76,-1.3342086460171203
299,0.7943419007682289,24.875663371120805,-0.04081246912830878,84,-0.7462356755227679
300,1.968552238801811,25.522812338001767,-0.03231246912830877,76,-0.22123101745565782
301,2.2096255793183976,24.100720953498175,-0.014312469128308768,79,0.3522513109796208
302,3.3306322838331353,21.25584006806103,0.010187530871691238,78,0.2124949934452012
303,1.7389729990471208,19.95567691363252,0.009687530871691245,82,0.9440459585514567
304,5.2193099996986705,20.01159507646164,0.00018753087169125077,80,0.1813533913903004
305,2.927171576380882,21.849321146279202,0.021187530871691257,68,0.5250797235776115
306,1.976645750020653,20.525269013187042,0.03218753087169126,77,0.507008503832152
307,4.332731700520698,20.716600219948752,0.01868753087169127,92,0.3844877183005021
308,4.216245828682237,21.444382797660175,0.032187530871691274,76,-1.0111993329669362
309,-1.7579397017308895,24.821036194269986,0.018687530871691282,79,-0.5505785279833831
310,0.35671187507135504,24.803499039737904,0.05268753087169129,68,-2.861872350906309
311,2.3354530738106782,25.809361459312694,0.041687530871691296,86,-15.84732722866181
312,-11.367763829156877,86.248266094789,0.044187530871691305,82,-7.856776797514346
313,-21.09700882771013,38.17941269470421,0.002187530871691308,98,5.527636444681567
314,20.501941031117862,21.395869474859456,-0.015812469128308686,88,2.108755465701673
315,4.722375832394825,20.75889213706343,0.01568753087169132,62,-0.31976334128420897
316,-1.8581990340130128,21.705553976948757,0.010687530871691327,85,1.7453374133575061
317,4.787604764994692,18.214882948296932,0.0006875308716913334,88,1.067011900237705
318,5.3874795978808905,20.98671109706131,-0.02331246912830866,83,0.18195990003194454
319,1.8670777949597746,21.88879240548125,-0.03831246912830866,79,-0.10205088725373246
320,0.7171058809014957,25.498373600172478,-0.03131246912830865,75,0.06951001025506848
321,1.3999410879762046,24.072475105371108,-0.03731246912830864,79,0.04181946208119314
322,1.5654827674290808,23.509947814186102,-0.04581246912830864,77,-0.1145153103658053
323,-1.7765070342242832,23.174151057534715,-0.027812469128308634,78,-0.2000236076994577
324,1.8512872487447447,22.79306945739355,-0.04031246912830863,85,-0.24740433038225082
325,-0.8331622158868304,23.21488672426636,-0.03581246912830863,74,0.22966892447422
326,-0.23201909165538498,22.531730934364745,-0.03681246912830862,77,0.49703666331036594
327,3.1597028143723955,19.601653727505056,-0.025312469128308618,75,0.7993240017745948
328,2.0167698219454313,20.62659696582617,-0.02031246912830861,77,0.4714618962963808
329,2.3398182190144112,21.386190659292808,-0.011312469128308607,78,0.058277413184503385
330,2.5150901755770407,21.657385077824387,0.005187530871691398,68,-0.07252632966397428
331,2.4209391050420477,23.320773353862247,0.006187530871691402,80,-0.057926407625895425
332,2.4024650103822487,23.24629504355663,-0.0033124691283085922,88,0.41215962150756325
333,3.678376958903773,20.846409557853576,-0.0023124691283085874,77,0.6137927925371037
334,3.8919184550609143,21.139204688304027,0.010687530871691418,69,1.4031951052341687
335,5.5851077121804895,19.598945264158374,0.015687530871691422,81,1.9193877630836904
336,6.6550081693305,20.408925160323378,0.008687530871691426,82,0.17978804442377108
337,1.8479778255387647,20.032658093234243,0.01668753087169143,74,0.1405566058607083
338,3.663005482181677,21.93909048149468,-0.0018124691283085614,89,-0.10633910118014908
339,3.4807130439781324,22.491199241644708,0.009687530871691448,69,0.2827577051241936
340,1.3154033807097099,19.204786484598586,0.022687530871691456,74,0.03751532656878868
341,2.109825771396431,21.140282626624035,0.04718753087169146,69,0.9289696415299139
342,5.777462586988268,19.344717596456416,0.051187530871691464,77,0.028268919836083872
343,4.956700836776473,22.148431151414993,0.06418753087169148,76,-3.3691726995199875
344,-0.6640353465258052,35.11504278602137,0.04968753087169148,94,-1.7086448182121412
345,1.1366496456766235,27.66502577269871,0.017187530871691486,89,-1.2377640430088361
346,4.525213762300207,28.23221564511684,0.04368753087169149,73,-4.65692780098399
347,-4.876351953217202,35.349289309025366,0.0381875308716915,85,-2.5271006922321817
348,-4.89849358584548,28.41329349857715,0.022687530871691508,87,-0.8592531882691685
349,2.521744475038814,26.334570771603868,0.026687530871691515,79,-0.6788180246432063
350,1.9611797798647554,26.7998138712099,0.014187530871691523,87,-1.7764781815037183
351,11.732222903367429,38.820821036416945,-0.006812469128308472,91,-1.0083796154701574
352,-1.7052856299730366,21.47270737942954,-0.008812469128308464,80,-1.5009427924061096
353,-0.6741557932192145,26.375660549165946,0.0036875308716915415,76,1.2593543153423263
354,2.1675123831582073,13.149300995315938,-0.012812469128308454,87,-1.0759580767848569
355,1.8707486689117179,21.322279315839424,-0.02431246912830845,81,1.3812162875150382
356,4.622594252072595,16.312115447816122,-0.019312469128308443,81,0.5392489098594259
357,0.5177665148043257,17.93213031640897,0.010187530871691563,68,-0.26329433225199284
358,3.6890490860335015,22.46401172575895,0.031187530871691568,74,0.34417615076908137
359,4.788651319215697,20.518536714773454,-0.002312469128308429,91,-0.16934653955437165
360,3.827458531232533,23.301116810114024,-0.01431246912830842,80,-0.07262094057948493
361,-0.5442249794853384,19.16508291790388,0.010687530871691586,69,0.3924558404828601
362,2.7705396083215885,19.435435708679638,0.03368753087169159,73,-2.0509959543703884
363,-7.465926062039465,27.385239807331,0.0526875308716916,73,-1.2220536987720338
364,-1.82836047419561,22.40937085852153,0.0421875308716916,88,-2.1992745679539065
365,1.1866819642521762,23.56963478073946,0.017687530871691608,87,-1.1607548071031435
366,-1.0678231706932544,25.352281267271252,0.02668753087169161,77,-0.4428245786803966
367,2.6329004625643098,22.551112850772686,0.016687530871691614,88,-0.34175818668315305
368,1.8761843008004868,21.867255702666736,0.03768753087169162,72,0.3093208156362263
369,2.204291363344462,18.587430220278023,0.04918753087169162,77,0.4329321118496202
370,4.75717345907267,19.39646171435815,0.05718753087169162,84,0.939566345780149
371,7.339329659552236,16.729188810715957,0.03468753087169163,91,-0.15870262144936884
372,5.081939103200322,20.1564649952273,0.024187530871691638,78,-0.905888023787467
373,-1.3541636367437477,22.021950329519264,0.042687530871691644,69,0.1273117120885635
374,0.023163886247349125,18.23534444538494,0.03468753087169165,79,-0.40554927854780637
375,1.1001407880455645,19.983331286716144,0.053687530871691654,71,-0.7244015720784432
376,3.185193096196817,21.652709980955105,0.03968753087169166,87,-0.1611363022380102
377,2.4105651886393775,21.12154440889941,0.031187530871691665,83,-1.1247312993714649
378,0.004757019111945907,25.33846901177484,0.01418753087169167,80,0.01102503398602693
379,6.295959883154367,19.856674604537055,-0.011812469128308327,87,-0.48179366610632335
380,3.563907480405973,22.337040561368642,-0.03381246912830832,83,0.35079242087427015
381,2.0083812253758504,22.404504626415722,-0.022812469128308317,66,2.827629494181976
382,8.259994055241245,19.158925209143014,0.006187530871691688,73,2.6050404375392535
383,11.085183921836768,13.19777264244929,-0.020312469128308305,91,0.10870312766432709
384,4.05784678457323,22.79813438908454,-0.0228124691283083,85,-0.3155023803278417
385,1.0428085963869551,22.962165896619958,-0.023812469128308294,77,0.20179516666961975
386,2.890222427082873,20.395587336864804,-0.03131246912830829,82,-0.3121300510932252
387,-0.48205124582082015,22.515447795341668,-0.014312469128308287,80,0.07430591894979131
388,3.006549118748725,20.48634827525392,-0.016312469128308284,76,-1.1461506369425023
389,-2.406362494854744,22.233737602593095,-0.03381246912830828,90,-1.1101163671746401
390,1.7450086786618393,25.119651032849504,-0.028312469128308277,81,-4.6204934268080065
391,-4.425537236112016,41.487330576529025,0.002187530871691726,70,-1.4739312191546137
392,-0.8863908685666424,20.797752981850792,0.016687530871691728,79,-1.01792781972614
393,2.7398923805129867,22.918937831080036,0.0021875308716917344,85,-1.4955813255769357
394,1.4917287738103255,25.32682404276081,-0.0013124691283082609,89,-0.28066999005800525
395,5.024165744809793,22.81405931672908,-0.00031246912830825536,80,0.14290002353230988
396,3.0393271261020383,21.06168246831874,0.004187530871691748,81,0.43163414531027794
397,5.810552933427079,19.514052254765296,-0.007312469128308247,88,0.23397261199844582
398,5.841944508836142,21.696781639169657,-0.029312469128308243,86,-0.19112742101943084
399,2.0739859603733617,22.29788298698501,-0.0018124691283082387,70,0.31312303289203414
400,2.73745730696861,20.92404386051099,0.010687530871691766,77,0.2938265668095669
401,3.733356906894455,20.79852338512996,-0.00531246912830823,89,-1.3211519368696496
402,-0.17951024794522547,26.225346195526644,-0.016812469128308225,88,-1.7454779735850872
403,-6.316657734338616,26.948025806922118,-0.018812469128308223,73,-0.17222802470274368
404,-0.8676333894024693,22.704342194227966,-0.013312469128308217,78,0.635538006809099
405,4.368527665134743,21.27266525349808,-0.03481246912830821,91,2.6170346141229475
406,11.625401535611415,9.935529685021216,-0.014312469128308206,72,1.2844741133108373
407,5.580897538995124,18.77359489434889,-0.0178124691283082,82,1.8688350318047628
408,8.844479843072088,20.2447109248769,-0.03781246912830819,82,0.7746793022733377
409,3.2569751390862987,20.219147665904917,-0.028812469128308187,70,-1.1590310849315764
410,-2.5438546846174614,26.77730731729034,-0.01231246912830818,74,-0.6893794188719534
411,-1.6865887046919037,23.03055200642906,-0.0003124691283081732,77,-0.401366328191183
412,2.1867933690487575,23.30081243152136,-0.028312469128308166,91,-0.5970877510748214
413,0.9303382412142313,25.01959735194799,-0.04681246912830816,79,0.7943710952143227
414,1.4097898646028004,19.473106058323594,-0.03731246912830816,75,0.7133196717791933
415,3.6484214689685155,21.36948850105551,-0.02181246912830815,79,0.1713473381610308
416,2.1978990867284023,22.336103935202036,-0.023312469128308144,82,0.5828676031395653
417,3.3049126073481654,22.071217592559453,-0.01831246912830814,79,1.2863075325619389
418,5.030288434768572,20.259750365185138,-0.021312469128308132,83,0.39772530883016394
419,2.243267202767953,19.340867455505446,-0.019812469128308124,78,0.1244725394904919
420,4.719670319548845,20.849045661066715,-0.04331246912830812,90,-0.9340162448441458
421,0.7636106880001768,24.261157877934682,-0.04331246912830811,72,-0.4116593485478424
422,-0.21103146738622847,23.963359457192176,-0.05531246912830811,82,-0.5338033518495734
423,2.1385990773167323,24.70319546249705,-0.05931246912830811,86,-0.738061614127309
424,0.5155888258997778,24.427028248396883,-0.048812469128308104,75,-0.7848257593630779
425,0.6113517343506636,25.283695152332495,-0.0493124691283081,85,0.01228200417293564
426,2.4606298576487866,22.85457179849528,-0.0328124691283081,70,0.17847678052309549
427,1.8302744465443703,21.634749008107313,-0.01931246912830809,74,0.32386687307724116
428,1.8553467849185128,20.952580110135646,-0.009812469128308084,78,0.5111683411897947
429,3.5115140550448807,20.004029462392598,-0.018812469128308078,81,0.6747995756848792
430,4.73290215953869,19.859653016387444,-0.03181246912830807,87,0.2195779930201916
431,3.171109445636696,21.82401295073782,-0.03231246912830807,83,0.027988291641832586
432,0.8124541671317164,22.687229734117725,-0.06581246912830806,84,0.12849662825181488
433,1.0401386000634285,20.383682790312893,-0.057312469128308056,73,-0.48199101700951014
434,-1.595925456785726,23.202806300645566,-0.06231246912830805,77,0.19734801215603445
435,1.936899233532657,23.946936784564446,-0.061312469128308046,80,-0.702835069589624
436,-0.4657257951271807,26.709506641808606,-0.04531246912830804,74,0.5978842064643508
437,2.0224751173684363,22.086252857931893,-0.04181246912830803,78,0.6474442304579319
438,0.9840466845984461,21.10127539253178,-0.059812469128308024,81,0.4380543252427237
439,0.17044401528690725,21.569807853543022,-0.06431246912830801,75,0.09481194116909322
440,-3.104240581337322,21.618897406440468,-0.03681246912830801,70,-0.42106982607436527
441,-2.4580549076437843,24.396390450280542,-0.021312469128308007,74,-0.9758416476678974
442,-1.7377984057812765,25.390494297734858,-0.042812469128308,85,0.09207425227108802
443,0.07152542217815505,22.45093184346974,-0.041812469128307994,71,-0.36590680474874515
444,1.7821563026396994,24.9454183364991,-0.02481246912830799,74,0.14770928819029264
445,3.658984704413505,22.282572683405025,-0.047812469128307986,86,-0.6779143415785701
446,0.06665901721310974,25.845776581852654,-0.02681246912830798,72,-0.19787695745080527
447,-0.15426028238722317,21.94407349454261,-0.009812469128307976,74,1.3096127360992544
448,4.412963701353485,16.67454808121088,-0.018812469128307974,82,0.8635264230477555
449,6.123348222362981,20.75748103208882,-0.040312469128307965,87,-0.12144013374177201
450,-1.9632876792479366,25.32094133748,-0.05781246912830797,82,-0.9258766271973324
451,1.6311815949680024,24.088378183427533,-0.05831246912830796,77,-0.021461151569054714
452,0.4149067421479046,20.50293309143288,-0.03981246912830795,71,0.261206586147938
453,-0.9137401811167367,21.641981642420237,-0.02231246912830795,67,0.007351801434511203
454,-0.47076615765015317,22.491977664273207,-0.012312469128307944,83,-1.1954081332574775
455,-0.16011398959967915,25.557094471884046,-0.023312469128307936,76,-2.2543789956261153
456,-6.207891289455443,31.94490272142509,0.008187530871692066,71,16.037723516567414
457,18.224134739516472,6.415462639011327,0.006187530871692074,83,16.235450593868617
458,11.380631362990888,-0.6724049945566195,0.030187530871692077,70,7.809015208066816
459,18.07205069205185,-11.57941371703326,0.04468753087169208,78,4.289489434015644
460,12.8464489229644,4.410373885734534,0.039187530871692085,89,2.260628743905591
461,13.110258667012667,15.977019013738897,0.004687530871692091,99,-0.7882102392619726
462,3.6008602093010222,24.554440066003178,-0.016312469128307902,93,-1.2712252804581634
463,1.0550407321535278,25.50590512423725,-0.018312469128307897,85,-0.041347479543832104
464,4.457823404216021,22.71151570944099,-0.012812469128307889,79,0.2956613078574151
465,2.6156462879546254,19.691285495469497,-0.003312469128307879,73,0.04192111029741257
466,2.363817123833485,20.734203695558875,-0.01681246912830787,86,-0.8549863044936719
467,1.2959560161268435,25.399498422586063,0.0036875308716921348,69,-2.2003416317963653
468,-4.818322604168719,26.674768541842877,0.005687530871692141,88,-0.45517107970151455
469,4.872031277475556,22.34325653004344,-0.014812469128307852,92,-0.011565181324247303
470,5.333021695439192,25.186010332627074,-0.008312469128307848,72,-0.005747525217694759
471,1.323751773794153,19.78409772336431,-0.0008124691283078408,82,0.641951486134198
472,5.5902173183299855,18.31472687090215,0.0011875308716921646,78,0.466667479997138
473,4.698851038355246,19.117625735914586,-0.001312469128307829,83,0.6997989424693537
474,3.3024810658550967,17.833943668475563,0.008187530871692179,84,1.1392359409143014
475,5.813091882293559,18.659421567090014,0.023687530871692185,76,1.39473952721671
476,6.574925524081909,16.574020575013737,0.04868753087169219,77,1.6435667787988775
477,9.787887147494148,17.595706613960967,0.0306875308716922,93,1.9470092759280502
478,9.325943348879145,17.10388327472395,0.024687530871692204,91,2.4036783507219956
479,12.448762482504586,19.503874093545164,0.006187530871692209,85,1.1525169587257107
480,5.450218236322008,17.682959506029853,0.009187530871692214,83,1.3083630584324515
481,8.326703508471768,18.023368413706706,0.01068753087169222,84,2.4512228602293042
482,9.554020950178332,12.914927486645988,-0.019312469128307773,99,1.9028860219198507
483,9.198430683332871,14.64702422278189,-0.01431246912830777,79,1.3536537214711404
484,6.6865707589908405,19.686497593566212,-0.06381246912830776,99,-0.2730105488608122
485,2.8704802992663208,23.993396980959233,-0.06531246912830777,74,-0.3836370235262517
486,-2.5995326983026983,22.993226763467923,-0.019312469128307756,57,0.4859682854655816
487,1.5735478064092894,19.28899488717636,-0.010312469128307751,78,0.7842477297611551
488,4.269577562963159,20.113192699933716,-0.023312469128307745,87,0.7116317476807981
489,4.4815454282463145,20.674172199362147,-0.020812469128307743,84,0.6607000358165833
490,3.5120936086650794,21.005670241062337,-0.0058124691283077375,73,0.6057970383455481
491,2.5028015900946796,19.996444623746182,0.020187530871692266,64,-2.0530391247792132
492,-6.229082268899582,25.59143437787506,0.027187530871692272,88,-0.9335283766330652
493,2.054380120643159,23.567414012023622,0.024687530871692277,86,0.7788364591623036
494,5.9881112883019885,18.95231951643669,0.007687530871692283,85,0.4388197816616647
495,2.2901652542686293,19.024960750654756,0.01868753087169229,75,0.25642977226370806
496,2.7931855033776887,20.490067415529793,0.023187530871692293,83,-0.1316089894335013
497,4.134545378314248,22.001609804709297,0.009187530871692298,88,-0.20883823475263993
498,2.8962712491514666,21.210160816735215,0.021687530871692305,69,-0.6298256374881552
499,1.8136237774641957,23.935554517189107,0.003187530871692311,86,-0.2463795536833243
500,1.8241622389226824,22.02491964852961,-0.0033124691283076832,79,1.2440199892060861
501,4.927136448687804,14.75137942633253,0.016187530871692325,75,0.8820026899923045
502,5.198171073821237,19.09486032180539,0.008687530871692328,86,0.2632987265274161
503,5.213758825080147,20.61129790141166,-0.011312469128307667,87,0.03079301209248213
504,2.7033765552384175,21.210423058219117,-0.004312469128307662,76,1.155973381861102
505,0.6513387081303965,18.31254386441708,-0.011312469128307657,86,1.4317432213443604
506,2.9342743848758803,15.846073213821741,-0.019312469128307655,79,0.8793459211949882
507,0.13711517000014362,17.4910975304732,-0.013312469128307646,69,0.9645339031846044
508,1.7040193656432716,20.012900449738382,0.00618753087169236,70,0.6978910157598394
509,4.222612640394379,20.26990879263731,0.0006875308716923634,88,0.5401016541254852
510,5.437685399608247,20.498507358663005,-0.0018124691283076318,79,-0.08532957998742227
511,2.1013229512420724,23.093020577841184,-0.003812469128307627,82,0.9402125054341585
512,1.6167212859485802,17.962139086223647,0.01268753087169238,74,1.0706368985183545
513,5.821615230323726,19.75790604922448,-0.0013124691283076153,93,2.229312133948375
514,9.334617513882923,17.108426478225027,-0.02881246912830761,94,1.0549459321616377
515,6.278376324178485,19.482550873415416,0.0011875308716923919,66,0.47077486799413276
516,2.470687353319643,20.689044803566265,0.002187530871692397,85,0.6593721280585372
517,4.396211962074196,19.97692283468252,-0.015812469128307596,89,1.1862903939469243
518,4.27367696928636,19.05374095010431,-0.0318124691283076,81,0.90709015028863
519,4.308187648599063,20.96842989528108,-0.04781246912830759,84,0.196309987895235
520,1.070596256696243,22.450196675134247,-0.05331246912830759,77,-0.09316143707361002
521,-1.812851673238068,22.270171411442977,-0.04131246912830758,72,0.21187013554273718
522,0.5138149664880076,22.444438762479038,-0.009312469128307577,65,0.5527399692753547
523,0.3497086101811742,20.12234602158245,0.019687530871692432,68,1.3558545250820597
524,4.855725077505788,19.248844930896407,0.02168753087169244,86,1.2819392302615666
525,7.730454316805038,19.43221412830887,-0.004812469128307555,93,0.3784820929443125
526,4.845403388901907,21.98935312227235,0.00368753087169245,77,0.6984077591142448
527,2.161766866625715,21.545817070218682,0.013187530871692457,74,1.4250042226494088
528,6.7715528546995545,18.72727177270924,0.028687530871692464,81,1.9226703503921123
529,10.108008811436536,17.20545969177389,-0.0033124691283075284,95,0.9205298867988432
530,5.507118872123598,19.44149947732751,-0.007312469128307524,76,0.6775811301270993
531,3.5505477638150515,20.755535727061588,0.011187530871692481,72,1.1455495391342692
532,6.903768712538608,18.621749258780866,0.015187530871692488,83,9.39952528477087
533,25.123247315629843,-16.92914390082818,-0.003812469128307504,85,4.714017466525444
534,18.339919511760414,16.573350205068937,-0.0288124691283075,97,0.3255752329628433
535,5.035925474929557,19.91426451624316,-0.02631246912830749,73,-1.1527862408651801
536,-0.8360923958444284,25.69921149985614,-0.055312469128307486,91,2.6627726394766054
537,10.716747550664543,18.234864681071436,-0.04431246912830748,75,0.16555927993137623
538,3.133058613163217,24.668640776226454,-0.04631246912830748,77,0.16776154007719482
539,0.5623087771303594,22.829316267742396,-0.022812469128307474,73,0.08307535679273137
540,0.40669842981538684,22.649850495071004,-0.03031246912830747,83,0.0798187811668425
541,2.648807379987175,23.808567638136765,-0.031312469128307464,83,0.00962239853464413
542,2.059870511906175,22.620807181258105,-0.028812469128307462,86,0.22780080643417866
543,0.210541201373558,22.260894106737307,-0.03931246912830746,80,-0.6592007629113421
544,-1.8872197715467873,24.338350030164428,-0.02581246912830745,74,2.122639329286472
545,4.847797338928947,21.552443530524314,-0.01031246912830744,73,1.0145700079121376
546,7.0349373378816935,19.783239744645154,0.0006875308716925635,77,0.40609600877229973
547,3.4272250541893006,20.40070562278478,-0.023312469128307433,93,-2.270050391735095
548,-5.384566242146012,28.07298735653235,-0.042312469128307426,82,-0.6217540706834513
549,0.09798838820487717,27.116252358911378,-0.030312469128307422,71,0.7216331938234036
550,-0.49038217898956554,18.147610943592248,-0.013812469128307414,70,0.6590211781392455
551,1.4725142137728788,20.147518324077396,-0.00881246912830741,83,0.8975430623211358
552,3.020165876637946,18.74641972410722,-0.012812469128307405,84,-0.06355074709439312
553,0.35404654709212746,22.768620461686837,-0.0348124691283074,88,0.4774826504010026
554,4.801069922826908,18.464742637225697,-0.03981246912830739,79,0.17141497868702588
555,2.1620731991820774,19.765771599444328,-0.042812469128307384,81,0.3194809868901782
556,1.8390642216109208,20.451834887384297,-0.04381246912830738,81,-0.10988228529154419
557,0.6796935778438912,19.62975106407251,-0.019312469128307374,70,0.853791759855362
558,4.5413804368789155,17.357586227841054,-0.04081246912830737,91,0.4119639032523283
559,3.990443850139671,21.0583270665216,-0.029312469128307362,74,0.32523345450394703
560,0.7610147273071967,19.14630469485388,-0.015812469128307357,78,-0.3542136063747203
561,1.2690819709123138,20.381199676565124,-0.01631246912830735,80,-1.2364378540145462
562,-3.132699151588756,27.25138384116448,-0.025812469128307345,78,-0.503141499333453
563,-1.3038446401641657,23.94955580881928,-0.00431246912830734,66,-0.5797489513975332
564,0.7945996417378735,20.622497668491096,-0.012812469128307332,88,-0.41408851300796196
565,2.7591627526689475,22.391565999268888,-0.03281246912830733,86,0.3352993271028065
566,1.773329165275674,20.291103405338696,-0.034812469128307315,72,0.7997226095686938
567,2.740427062237735,18.827104004506335,-0.00981246912830731,75,1.7293699365478727
568,6.618726046052138,16.59212623217171,-0.0353124691283073,85,0.5700412258560356
569,4.649809846575509,20.865051263730205,-0.0558124691283073,85,0.5226052886142488
570,2.38668433520176,22.375689742139617,-0.03231246912830729,77,0.6151867084019484
571,1.593775331328686,19.71580972541326,-0.026312469128307286,82,-1.387264051101794
572,-0.8858007377484681,29.765768917824392,-0.03931246912830728,82,-23.755769234646095
573,-38.50870763271881,140.2917889729546,-0.03331246912830728,74,-12.198971452477029
574,-41.07534280614489,64.04008774845518,-0.013312469128307273,75,9.889940402058011
575,46.97013454887363,-0.37709438097718456,-0.013812469128307267,79,0.789438406984363
576,5.915408485274963,15.440393413567602,-0.018812469128307262,78,3.7836488705340057
577,7.828273870084755,8.400820072461416,0.00818753087169274,67,3.6745723419548564
578,7.307923129624438,7.838459220795202,0.021187530871692745,72,2.159103899370411
579,5.018136392141637,13.407419711203323,0.013187530871692752,84,2.5077798393808153
580,13.365107967036343,17.963120672880827,-0.008312469128307243,90,0.4094435068314164
581,6.192036944906215,22.140732235898756,-0.018312469128307238,82,-0.6944455808623616
582,-1.7082006791477113,23.76426722195559,-0.01231246912830723,77,-1.950700729458926
583,-2.466147927144058,29.13103412512288,-0.026812469128307224,85,-0.9961368699271561
584,-1.5235337185764624,24.955587812044833,-0.02081246912830722,71,-0.8063607440224313
585,-0.7711156878486555,22.543036530535513,-0.0068124691283072145,70,-0.3650385814496138
586,2.7206105787365638,22.127647397253046,-0.02181246912830721,87,-2.7891988807946135
587,-9.659723015230904,30.279203695374008,-0.0118124691283072,68,-0.4482533956250845
588,2.8859910717998805,25.627137066109853,-0.009312469128307197,81,-0.23680662255054316
589,1.285236458494672,22.952141864307773,-0.02031246912830719,84,-0.9100179928543436
590,-0.22857217811321134,25.166176480469648,-0.017812469128307185,75,-1.3372340661178637
591,-1.7288611267028244,23.720924664832467,0.01568753087169282,69,-3.260526106972704
592,-12.547915069992195,25.498859360745488,0.023687530871692824,69,-0.8397622355364333
593,1.853235149552033,20.415664313712018,0.01618753087169283,92,0.7857717839875391
594,4.806192746708271,17.71121690496512,-0.003312469128307162,89,-0.4297333112263326
595,1.7067465512121727,22.47319552650463,-0.013312469128307155,77,2.65782716651541
596,2.8408030081568376,13.2958980590028,-0.023812469128307152,84,2.7182175726232645
597,6.985585300483425,14.532732508876167,-0.010312469128307146,81,0.5456849682798635
598,0.738580811802328,20.452729576990496,-0.014812469128307141,82,0.7301075837837923
599,6.348256288039922,21.822453861713797,-0.027812469128307135,86,1.5442705614818542
600,3.4595556601199213,18.66333745048915,-0.03531246912830713,77,1.1985529957338992
601,4.193987550631719,18.262871497998066,-0.03781246912830712,83,-0.4642956335306752
602,-0.2914260647544094,27.43671570709596,-0.034812469128307114,74,-1.4797582403788068
603,-0.2602248738212048,27.223539755610837,-0.03931246912830711,87,-0.4446370449553866
604,0.9728923902477625,22.644847211772326,-0.018312469128307106,69,0.8745475174694886
605,3.494772807820974,16.67908879582938,-0.025312469128307098,83,0.053161287988078974
606,2.419587052663225,22.452956889463955,-0.0038124691283070956,65,0.505443162590237
607,1.9401898837380176,19.926490628503338,0.01918753087169291,73,3.492747230924472
608,18.474939249660917,19.162479270772458,-0.009312469128307084,94,2.439036292504892
609,10.769012056328151,18.034957162675852,-0.04431246912830708,97,1.3743795066565636
610,5.58538621190958,19.355827989459776,-0.02831246912830707,70,1.4145972051817624
611,5.413247326230468,19.34123607048344,-0.013812469128307062,73,0.9720320382527283
612,3.7279214905141305,19.806425338415853,0.004687530871692943,77,0.28821713869566123
613,3.962274772434984,19.628199471981457,0.01168753087169295,80,2.0175034844786204
614,10.840672491752274,11.653567017590772,-0.0018124691283070466,86,1.6903053301248565
615,9.405958088800135,18.220620062770443,-0.02231246912830704,91,1.1146919192202926
616,6.375307749785702,20.112763016842436,-0.020812469128307035,82,-0.8570524388178755
617,-0.4346772583850676,24.932711970155278,-0.018812469128307027,76,0.0988507666665373
618,-1.004187659618156,21.299863225234475,-0.00881246912830702,71,0.3222226303201543
619,2.4060737370522705,21.363074644071023,-0.012812469128307014,79,0.37862141520843323
620,3.3556423050212607,21.925365342704573,-0.020812469128307007,83,1.9958438470029494
621,9.746196903085508,20.305117881456834,-0.0013124691283070025,69,0.5958413621594308
622,3.4898830640656726,18.64578513516398,-0.0023124691283069976,78,-0.2989988048192981
623,2.8041644437698654,22.81705549837165,0.010687530871693007,73,-0.22660057615683465
624,-0.9360837717704403,24.543395352783836,0.01768753087169301,76,0.19671677679959745
625,2.170074804734539,19.576696717707456,0.021687530871693016,82,1.937181997020551
626,6.504066580897076,19.426530246058594,0.021187530871693023,80,5.387960943779659
627,10.941075478919517,1.3269201994917454,0.011187530871693028,87,2.269541713799046
628,11.396208349414309,22.221349441161582,0.019187530871693035,82,16.422991905969347
629,70.93093770178129,-23.153234909347766,0.014687530871693041,78,8.751797897525833
630,21.86554159153836,11.730319659339848,0.03768753087169305,72,5.543578047067088
631,11.043281093323728,0.5746344392238562,0.05268753087169305,80,2.3065004483332623
632,16.093704707649866,25.171266398303175,0.04018753087169306,87,1.4689136436798862
633,3.960067241829533,15.777335008297626,0.040687530871693064,79,-1.0794594746291015
634,0.3615054208857882,25.517227659609027,0.02368753087169307,81,-0.340066587574066
635,3.9575657353158014,22.43021656412261,0.008187530871693074,89,0.9238001023623967
636,4.399354685292937,18.559203691038185,-0.0008124691283069204,81,1.2752832963767797
637,4.4233913071940405,17.879280789224673,0.03768753087169308,67,0.7939486667605863
638,3.5459367364932475,18.16124190508582,0.05868753087169309,75,0.45898445054532144
639,6.690513813907073,20.70902814486952,0.031187530871693094,101,-3.994800587698601
640,-15.520834829110054,41.13212641311723,0.009187530871693099,85,-1.9962756273035278
641,3.1902511145498162,33.21038011855959,0.0371875308716931,70,1.9929961828228202
642,12.351858659895791,17.506256244452842,0.02618753087169311,94,3.0022333685253466
643,11.228338560393672,16.191838364805214,0.020187530871693112,89,1.670543421353818
644,4.742947023290851,16.45476735251128,0.020687530871693116,75,-0.9566039718346866
645,-0.5257620351820127,25.297903101256352,0.02368753087169312,80,1.1949196880724144
646,7.024165626533783,17.52879362333739,0.011687530871693125,89,0.8595564132001606
647,5.931204427044718,19.82787311578162,0.002187530871693131,82,2.1129482266819113
648,1.6989437252264983,16.53053237266698,0.03018753087169314,66,1.2233221762425763
649,5.680248984489041,19.38426765782887,0.05768753087169314,76,-0.2927128577860578
650,2.4363909088757545,21.586416558833985,0.06718753087169314,77,-2.672853789037361
651,-6.357033706889963,24.07423035666176,0.04518753087169315,90,-4.254250194160573
652,-13.965180579932836,37.42813323794149,0.06368753087169315,72,-1.5014673227737587
653,-1.3668545308186797,23.253005068603333,0.05718753087169316,90,-1.278958390485668
654,4.545835055190869,24.17941416312568,0.04068753087169317,89,-1.741656117182132
655,-0.6960276058363396,25.38797139564781,0.041187530871693176,78,-0.4700347403925374
656,0.040642263557268354,22.346008814924932,0.04118753087169318,81,-0.09179127081300674
657,2.3219896458191633,20.210489094974164,0.04218753087169319,74,1.3008583552470738
658,7.8104365522109855,19.086764353116177,0.054187530871693194,81,4.455424750292083
659,9.21806272820768,7.770702644256954,0.0296875308716932,91,1.9737203081141232
660,10.705578913673476,15.709816108045688,0.031187530871693205,77,-1.6110732640427103
661,-12.265457697698116,27.09136237406985,0.04868753087169321,78,5.217209375676922
662,8.505483224842273,0.7298789183664235,0.05568753087169322,77,2.857463256397191
663,7.5561958509554925,15.08834386054071,0.049687530871693225,85,-0.056105448296592475
664,3.586423784737472,21.467772360005906,0.02568753087169323,89,0.03252216705055592
665,-0.8076375074251702,23.191500271644877,0.014687530871693236,82,1.6144580264801633
666,15.230689589127286,10.331824183873524,0.005687530871693241,81,2.0603843771767947
667,6.937957836319696,18.414570873284585,0.021187530871693245,75,2.9490374081885737
668,10.614588371227082,14.16129294065307,-0.0028124691283067486,85,1.3940155832862267
669,5.6493586257637345,21.435248278861287,-0.0038124691283067448,91,-1.361593009605341
670,-5.365761296920944,24.053810081571992,0.011187530871693262,68,-0.3669860998804227
671,-0.22989615226518206,22.91656399224239,0.016187530871693268,83,-0.8751927776838752
672,-0.07179887257736914,23.47212193696682,0.017187530871693273,81,-0.12045014889739156
673,-0.21413684941833155,20.290365272033764,0.027187530871693278,75,-0.765319655447377
674,-0.513960943561458,24.11415105092605,0.019187530871693285,86,-0.2306737015614546
675,3.9211051836629416,21.8241664296524,0.01368753087169329,85,0.9536794011042865
676,4.359422645190065,20.654457803313676,0.007187530871693295,82,1.0114813293424048
677,4.224381734349095,20.209354551036395,0.010187530871693301,79,0.041120472693613824
678,2.2925289113884073,20.13156315627337,0.012187530871693308,78,-0.17331204412468734
679,2.3569197694520403,21.872242340895,-0.0003124691283066902,87,-0.22907268879691461
680,-0.4473035229956113,24.26449067417443,-0.018312469128306686,84,-4.756733409479286
681,-3.035304408111629,40.1129273048198,-0.004312469128306681,69,-3.2208404219508178
682,-6.877740710876399,34.28621947477602,0.027187530871693323,72,-1.4978588466838558
683,-1.3487972644917245,27.553600830116654,0.04818753087169333,73,-1.0032379855464784
684,-0.19976996548918946,24.365728172725017,0.05168753087169333,76,0.05804745483501794
685,2.1923509724428265,20.973267841424242,0.05818753087169334,78,-0.0826366688165796
686,2.857273991938444,22.923942506826865,0.04768753087169334,87,-1.697350166008791
687,-1.9013436521995717,26.451560600961926,0.03968753087169335,73,-1.989903820353787
688,2.8801025588969207,24.53596664329659,0.04568753087169335,82,-1.1403808349081708
689,-1.6337582974202152,25.434577678864347,0.04018753087169336,82,-3.052088762714652
690,-10.1685706300551,33.95980043696244,0.011687530871693363,88,-2.0205306587774277
691,-3.657327310355577,26.299059437723344,0.023187530871693368,72,-0.1462579615884363
692,0.9785865191008482,22.64492680569366,0.012687530871693373,83,-2.7137453962391223
693,-7.46817668660792,34.903317440390474,0.017687530871693377,78,0.8907602805611908
694,7.057115348334463,16.90163260608009,0.05118753087169338,67,0.05011873713363268
695,5.4484732168145715,21.719239606881622,0.017687530871693388,99,-2.1590611350666546
696,-4.478791108722133,25.615047879049406,-0.004312469128306607,81,-1.271505995903381
697,-3.7711331816137896,24.060545542226734,0.0181875308716934,62,-1.6320594328405824
698,0.9126348292574711,27.054089882175422,0.0251875308716934,85,-0.3633446242854092
699,1.9427440209229385,22.806642887173037,0.03868753087169341,83,0.07404801570274347
700,2.678409331044441,19.124318364119222,0.052187530871693415,76,0.08734611659067601
701,2.4207689841757416,19.485134508548526,0.04768753087169342,82,1.0831998986907527
702,6.960892350970231,19.22761815525573,0.0056875308716934254,94,-0.9299486397653703
703,1.8199209456469325,23.7567052604294,0.01918753087169343,73,-1.2064950063858335
704,0.2822501736058175,25.21980970966289,0.029187530871693436,74,-0.7825795822649699
705,0.008318021884052543,25.91904533779929,0.01618753087169344,85,-0.951548827580988
706,2.1781752028813157,27.58091975446252,0.003187530871693447,80,0.573506121307245
707,0.4524650903038988,23.718144549017936,0.022187530871693454,68,0.5310257373282894
708,2.5099932022057287,21.315717217604394,0.04818753087169346,70,0.21174599499093988
709,3.555912320387291,20.51150378079761,0.032187530871693466,92,0.5858812172236005
710,4.922531038091363,19.155963831014137,0.02168753087169347,83,-0.6542879809075975
711,4.428888464016175,22.953812713926464,0.027187530871693476,84,0.1457080463785918
712,3.916583329924469,21.222986904025188,0.00918753087169348,88,-0.09764540460141115
713,1.5152280013915775,22.836373112745562,0.028687530871693488,66,0.46573241018811806
714,1.2528693023821025,18.719963454384434,0.034687530871693496,91,0.6629078669510339
715,5.47270306843133,20.63716506736304,0.0136875308716935,89,0.17951311691896418
716,4.752281458785137,21.3122036704221,0.0041875308716935065,89,-0.24507159432238695
717,1.2802358436245185,21.024297862797145,-0.002812469128306489,82,3.0138667539133603
718,3.620871356271045,8.584363804591211,0.011187530871693517,74,0.8151009025283106
719,4.5805170443975465,15.763326334533774,0.02718753087169352,75,9.03414427718274
720,42.98337433130454,3.9402395757980164,0.036187530871693525,77,71.9984444775573
721,103.67811309256196,-294.9923611134477,0.05668753087169354,71,75.67762247755033
722,243.96010357532398,-271.6745767272857,0.04968753087169354,81,-36.795619244145485
723,-68.53395213168032,128.6931907032476,0.03668753087169355,89,3.1414923304826523
724,18.075743378209683,17.202860797776133,0.008687530871693551,91,-39.589374172289816
725,-140.09383518741822,141.22940680928127,0.03918753087169356,66,-226.34943627768232
726,-654.4069629637123,560.5499435908289,0.06018753087169357,70,-112.82992175635334
727,-42.409439482331905,549.8966212929329,0.05118753087169357,91,-65.79637534082687
728,-284.9379508937236,323.05939896590127,0.04868753087169358,92,-38.93432241459771
729,-0.47248212005982454,199.7198144889822,0.012187530871693582,96,-24.442776308370036
730,-29.517971428403044,67.77852580682443,0.02968753087169359,71,2.333877107712527
731,4.609487259878548,21.752504835084302,0.018187530871693596,87,9.706282680507401
732,29.797437790909058,3.0166009342795923,0.0201875308716936,86,5.811327247400954
733,9.370516799693066,9.893789666976215,0.013187530871693609,84,3.490023178471525
734,18.09762071318577,15.38189341166987,0.020187530871693615,78,3.3362290195439774
735,9.441149993509242,14.934731377735995,0.027187530871693618,82,-0.037003478684920314
736,5.5655403631589,20.626702047118535,0.027687530871693625,80,-0.5847009909851228
737,0.03315667530698691,22.10613522496292,0.05518753087169363,71,0.2279191475669342
738,5.6588937901001,19.08360440209022,0.05268753087169364,83,0.15357795319500786
739,3.73633851709191,18.551010696172003,0.04318753087169364,81,1.1864478479805065
740,5.47047438179484,18.622916875319955,0.046187530871693645,79,0.9108171371967336
741,7.029608358831769,16.7469724415158,0.035187530871693656,96,0.7257337454607268
742,7.650228638036116,19.248186454057137,0.02468753087169366,81,4.708919985293857
743,15.118127036320606,6.409610968485449,0.04118753087169366,81,2.5661165391726986
744,8.686268584049683,14.92588888373422,0.039187530871693674,85,2.0129573500301308
745,8.807836671677556,16.06037659194,0.04568753087169368,82,1.7097024355908947
746,7.898611142989339,16.803794465405225,0.034687530871693684,89,3.215698277072227
747,9.173702736493787,13.740612757254521,0.019687530871693688,82,3.8615324880760453
748,16.870302923968516,8.003206093888346,0.040187530871693695,74,2.147498408621307
749,5.30146926945417,13.331978178440064,0.0486875308716937,77,-0.23704730030362095
750,2.561171523003063,21.374616227925774,0.02668753087169371,96,0.11838608190988745
751,5.5853803198668075,22.30536871073638,0.02368753087169372,81,4.955324839055014
752,13.487572369581631,7.948121488596021,0.02668753087169372,78,27.318522798699043
753,134.61575229922647,-13.098399309149173,0.035687530871693726,78,13.843541781191426
754,17.843246557726864,-13.148201893819762,0.023687530871693733,86,10.793891173489477
755,53.40413572404169,-20.286584529929574,0.03468753087169373,77,36.62569331439021
756,118.68447125343043,-154.91895034671472,0.03618753087169374,80,18.493391831234856
757,51.0674304171365,-40.283613340775695,0.04318753087169375,83,12.085333626179095
758,53.06292974534915,-15.792140389677192,0.03368753087169375,80,-1.6657513891377616
759,-4.187693520828019,28.844829211075176,0.03918753087169376,76,-4.829242109448533
760,-10.730097045543516,46.05145034951112,0.026687530871693767,85,-2.030420381661254
761,2.016316267783284,33.69579174322672,0.01918753087169377,82,6.462186822177749
762,29.671617885489457,-3.7054559181322553,0.020187530871693775,86,8.361344510542548
763,29.250339120892463,12.158101289657555,0.008187530871693778,93,2.354125137709685
764,14.43681095524464,12.335579818389963,0.009687530871693785,77,0.25836405826603676
765,0.26673344788858294,18.86674965329616,-0.004812469128306209,91,0.9374076919506711
766,5.042078917368437,19.713711827555016,-0.0043124691283062035,77,1.205702597158971
767,5.954117088399398,16.680549271318604,-0.0013124691283061987,76,0.9633220578900056
768,5.08258036210263,20.288342946021945,-0.019812469128306195,90,0.02744317872588674
769,2.065479627591617,24.27976151562025,-0.001312469128306188,70,0.23022005249050723
770,0.910256869031098,20.518986893787826,0.017687530871693818,72,0.18992630135329627
771,2.752447433996992,20.802002191992,0.005187530871693821,88,-0.09476992495492037
772,3.4868341062238417,24.230378527422427,0.009187530871693826,74,-0.3941275093117314
773,1.8491982185678495,22.770721291207288,0.005187530871693833,79,-0.1340622907885659
774,1.864596659624977,22.888174164094163,0.012687530871693838,71,0.04592578531353902
775,3.1472124427020605,22.374510229607452,0.013687530871693844,79,-0.37597574801912437
776,1.7630960694695776,21.339453873203873,0.03418753087169385,65,0.05281588750131266
777,0.661765210463336,19.622273325914946,0.06018753087169386,74,0.26610299779000046
778,4.4392378304641555,21.0069614325994,0.03618753087169386,91,-0.30398590770314
779,6.842356037474679,23.750224434038113,0.002187530871693866,94,-1.177492473108989
780,2.359864871838379,25.538028425368097,-0.014312469128306126,79,-0.6166359820823012
781,1.3967256003197395,22.80499804350242,0.00718753087169388,70,-0.25182415365508887
782,-0.32904569170669645,21.34664228368587,0.021687530871693887,74,-0.005193621456053612
783,3.1779616745679884,21.38322370325534,0.0016875308716938922,87,0.04523146937253947
784,3.5871591145211066,23.727995737024134,0.0026875308716938985,80,0.002178125313087694
785,1.3222471904978323,21.647475407310534,0.011187530871693906,69,1.8058375741026533
786,11.301873838104541,21.106449559499723,0.036187530871693914,75,0.9246968754639963
787,4.964277735184128,20.14697804024577,0.02968753087169392,89,0.1504168982580971
788,3.2884502951320576,20.813109706263145,0.026187530871693922,83,-3.5192256396040658
789,-3.6099138706482607,34.3835650171591,0.023687530871693927,79,-1.678325628743048
790,0.3401398191750417,25.3813589379618,0.03418753087169393,81,0.06771236603247968
791,2.602608894486408,20.81705606055443,0.016187530871693938,88,-0.5305660577460884
